"","gene","cluster_id","logFC","logCPM","F","p_val","p_adj.loc","p_adj.glb","coef"
"3","Rnf149","Monocytes",0.807232264923678,10.5216260911766,4.02558298583356,0.075451911334893,0.854298980064956,0.854298980064956,"genotype_num"
"16","Rassf5","Monocytes",1.31474389573368,9.26222642178441,6.31310166033558,0.0329563756013585,0.854298980064956,0.854298980064956,"genotype_num"
"32","Arhgap30","Monocytes",-0.936870354457487,9.32752444658595,5.38797161878097,0.0452923937576492,0.854298980064956,0.854298980064956,"genotype_num"
"47","Il1f9","Monocytes",-1.16356548246458,9.93111056471175,5.49064602538641,0.043622544090563,0.854298980064956,0.854298980064956,"genotype_num"
"49","Slc27a4","Monocytes",-1.00346851823434,9.0173152165861,4.06232859359623,0.0740742449008702,0.854298980064956,0.854298980064956,"genotype_num"
"60","Nfe2l2","Monocytes",1.29048797593958,9.5936768717006,5.20788613561793,0.0482254346207104,0.854298980064956,0.854298980064956,"genotype_num"
"73","Cst3","Monocytes",-2.13486688769497,12.775531388054,3.94569949292288,0.0778897012833089,0.854298980064956,0.854298980064956,"genotype_num"
"78","Slpi","Monocytes",0.659356427766818,11.8397199855474,3.88143416184556,0.0799517243041726,0.854298980064956,0.854298980064956,"genotype_num"
"82","Cebpb","Monocytes",0.747542980068337,11.9008451237541,4.86297437972622,0.054532210178485,0.854298980064956,0.854298980064956,"genotype_num"
"109","Clta","Monocytes",-1.21686900139105,9.1944162910763,7.04597824963106,0.0261884303312527,0.854298980064956,0.854298980064956,"genotype_num"
"110","Txn1","Monocytes",0.96318956739738,10.1322816008911,6.39944801688155,0.0320601510354416,0.854298980064956,0.854298980064956,"genotype_num"
"116","Jun","Monocytes",-2.79821386200916,10.3940272321621,6.33572653229093,0.0327734761463489,0.854298980064956,0.854298980064956,"genotype_num"
"128","Marcksl1","Monocytes",-1.19007779720686,10.0797871804167,5.8120641717964,0.0389887362847549,0.854298980064956,0.854298980064956,"genotype_num"
"129","Laptm5","Monocytes",-0.956267853101604,10.9873508209424,4.63601799858719,0.0594036587856284,0.854298980064956,0.854298980064956,"genotype_num"
"142","Pik3cd","Monocytes",1.32636362110372,9.46695325050623,5.00657923005266,0.0518153033626249,0.854298980064956,0.854298980064956,"genotype_num"
"144","Isg15","Monocytes",1.52473972812358,9.23356718111329,4.69302562292133,0.0583008860644292,0.854298980064956,0.854298980064956,"genotype_num"
"162","Aldh2","Monocytes",-0.852417766309103,10.3476864933628,3.91320279782136,0.0790436585927887,0.854298980064956,0.854298980064956,"genotype_num"
"165","Ubc","Monocytes",-1.415121190739,10.1029935179833,5.72309350275327,0.0401984435153747,0.854298980064956,0.854298980064956,"genotype_num"
"173","Arpc1b","Monocytes",1.06871281639944,10.3256194180683,5.03255624567826,0.051309178881577,0.854298980064956,0.854298980064956,"genotype_num"
"191","Tmcc1","Monocytes",-0.905365341059376,9.77740046440525,5.40396739115257,0.0449913878402109,0.854298980064956,0.854298980064956,"genotype_num"
"198","Tnfrsf1a","Monocytes",0.748518485134705,10.6993481061459,5.09017312462532,0.0501955809478203,0.854298980064956,0.854298980064956,"genotype_num"
"220","Zfp36","Monocytes",-1.09740540978332,12.3820459342271,6.37925449322056,0.0321801005513511,0.854298980064956,0.854298980064956,"genotype_num"
"237","Ucp2","Monocytes",-0.698443285174123,11.254862734987,4.05399285563671,0.0745562574490252,0.854298980064956,0.854298980064956,"genotype_num"
"238","Rab6a","Monocytes",1.37408429972825,9.40942297933856,6.412512335567,0.0319481615511532,0.854298980064956,0.854298980064956,"genotype_num"
"240","Trim30b","Monocytes",0.733763179584406,10.2300304495744,4.6230657161547,0.0597707546250436,0.854298980064956,0.854298980064956,"genotype_num"
"243","Mettl9","Monocytes",1.25277690700113,9.58258516239254,4.70624853331295,0.0580047529940303,0.854298980064956,0.854298980064956,"genotype_num"
"268","Gsr","Monocytes",0.782823938202506,11.6493137653409,4.90116107653676,0.05377075389383,0.854298980064956,0.854298980064956,"genotype_num"
"270","Atp6v1b2","Monocytes",1.34162299812164,9.44057882969613,4.6066477775059,0.0601436498523996,0.854298980064956,0.854298980064956,"genotype_num"
"277","Klf2","Monocytes",0.981417754723119,11.8282381400905,5.59337510843885,0.04194319270446,0.854298980064956,0.854298980064956,"genotype_num"
"309","Eef1a1","Monocytes",-1.44837491817011,9.85027244427395,5.93511116475735,0.0374266652258823,0.854298980064956,0.854298980064956,"genotype_num"
"324","Tnfaip3","Monocytes",-1.40011322673742,9.17461466393542,5.22747928574359,0.0480073806539199,0.854298980064956,0.854298980064956,"genotype_num"
"326","Marcks","Monocytes",-0.973199679768911,10.1407730651013,4.22452778840929,0.0697443779418269,0.854298980064956,0.854298980064956,"genotype_num"
"331","Vsir","Monocytes",-0.702147889590358,10.9127592077457,5.10961986015863,0.0498414079047419,0.854298980064956,0.854298980064956,"genotype_num"
"335","R3hdm4","Monocytes",-0.692310163484844,10.7444945521305,4.0242074474969,0.0755226988668172,0.854298980064956,0.854298980064956,"genotype_num"
"347","Dusp6","Monocytes",-1.93180375353981,8.79106905943331,6.4120077466881,0.031650193954382,0.854298980064956,0.854298980064956,"genotype_num"
"355","Arhgap9","Monocytes",1.04466466686343,9.43255847073813,5.44279617766905,0.044361690356867,0.854298980064956,0.854298980064956,"genotype_num"
"380","Slfn2","Monocytes",0.699579157859918,10.7938542362549,4.48778195125671,0.062888038754832,0.854298980064956,0.854298980064956,"genotype_num"
"395","Cd300c2","Monocytes",-1.54272992772225,8.51834678578598,8.46997450385146,0.0167493405622378,0.854298980064956,0.854298980064956,"genotype_num"
"399","H3f3b","Monocytes",1.01211008901293,10.2570873303889,4.70960183510421,0.0578490189389675,0.854298980064956,0.854298980064956,"genotype_num"
"404","Rhob","Monocytes",-2.08415983632556,10.1490413374268,5.92774648112865,0.0375217671701462,0.854298980064956,0.854298980064956,"genotype_num"
"411","Dhrs7","Monocytes",1.13928483914701,9.64334149449444,5.50286884911139,0.0433803192041333,0.854298980064956,0.854298980064956,"genotype_num"
"416","Fos","Monocytes",-1.33819366324569,12.4584625495,11.9484644173647,0.00707175324657452,0.854298980064956,0.854298980064956,"genotype_num"
"431","Nfil3","Monocytes",1.34703779810931,8.81803824868803,4.30539139108118,0.0672919354645796,0.854298980064956,0.854298980064956,"genotype_num"
"447","Ctsb","Monocytes",-1.32734984637526,9.04970973546815,5.64017223947635,0.0411736286648281,0.854298980064956,0.854298980064956,"genotype_num"
"450","Itm2b","Monocytes",-0.698663288854205,11.1351324355902,4.34994528103825,0.0663095670133302,0.854298980064956,0.854298980064956,"genotype_num"
"459","Ly6e","Monocytes",-1.32476187117293,9.70967249383539,6.92749369303818,0.0271357765249116,0.854298980064956,0.854298980064956,"genotype_num"
"460","Ly6g","Monocytes",-1.45419470027094,10.0372551386031,5.80504299258812,0.0391461782583396,0.854298980064956,0.854298980064956,"genotype_num"
"478","Carhsp1","Monocytes",1.6825109078385,9.11902443260007,5.47383403221497,0.0433388065061327,0.854298980064956,0.854298980064956,"genotype_num"
"492","Itgb2l","Monocytes",-2.01151935236922,8.73060730891525,6.09177208745533,0.0343362366883375,0.854298980064956,0.854298980064956,"genotype_num"
"503","Pi16","Monocytes",-0.956951861969608,9.40786832785241,4.26801909124857,0.0686894862714114,0.854298980064956,0.854298980064956,"genotype_num"
"504","Pim1","Monocytes",0.903982282304163,11.1463884471251,4.03331400794896,0.0751813516154993,0.854298980064956,0.854298980064956,"genotype_num"
"519","Trem1","Monocytes",0.86723339801972,10.8153420621982,6.63068811080718,0.0296966863980115,0.854298980064956,0.854298980064956,"genotype_num"
"533","Egr1","Monocytes",-1.99251725129754,10.6166711726158,4.09037364234643,0.0735338125732527,0.854298980064956,0.854298980064956,"genotype_num"
"537","Lmnb1","Monocytes",1.39401633542478,9.62964667990442,6.7621390182956,0.0285810401412395,0.854298980064956,0.854298980064956,"genotype_num"
"400","Socs3","Monocytes",-1.22066489248308,9.23342580735401,3.75384320747547,0.0844861055390663,0.859607849317948,0.859607849317948,"genotype_num"
"521","Lrg1","Monocytes",-1.18809200028481,11.310333570721,3.79106521917461,0.0830181515086936,0.859607849317948,0.859607849317948,"genotype_num"
"532","Ttr","Monocytes",3.78545734597952,8.74356657145531,3.61918922823197,0.0849179331215304,0.859607849317948,0.859607849317948,"genotype_num"
"84","Rgs19","Monocytes",-0.981910959312885,9.06335541459571,3.52094434899301,0.0928858437840166,0.87981163581016,0.87981163581016,"genotype_num"
"294","Slc44a2","Monocytes",-0.801196334197691,9.03027282750778,3.62483736079908,0.0892212825003362,0.87981163581016,0.87981163581016,"genotype_num"
"341","Gadd45b","Monocytes",1.36725267705548,9.94818835162531,3.39674546731015,0.0981758543309445,0.87981163581016,0.87981163581016,"genotype_num"
"406","Rnf144a","Monocytes",0.827242479406523,9.24405365564192,3.46278445494292,0.0955517217553883,0.87981163581016,0.87981163581016,"genotype_num"
"420","Akt1","Monocytes",-0.720413428038834,9.31498622310787,3.29825338973082,0.102610442287002,0.87981163581016,0.87981163581016,"genotype_num"
"440","Emb","Monocytes",0.875169856732094,10.3297652637789,3.4981630648139,0.0939295042208804,0.87981163581016,0.87981163581016,"genotype_num"
"480","Cebpd","Monocytes",0.717327108498886,10.2334782699515,3.27057663801308,0.103686639922168,0.87981163581016,0.87981163581016,"genotype_num"
"514","Ier3","Monocytes",-1.11262864096783,9.45318877247436,3.34509404809106,0.100507706668421,0.87981163581016,0.87981163581016,"genotype_num"
"538","Csf1r","Monocytes",-1.62330021105753,10.1992730734618,3.37087905311966,0.0989671040377037,0.87981163581016,0.87981163581016,"genotype_num"
"541","Unc93b1","Monocytes",-0.959642280150303,9.4585936519596,3.33118212561701,0.101110075243438,0.87981163581016,0.87981163581016,"genotype_num"
"546","Capn1","Monocytes",-0.943739811421353,9.0482626475113,3.55014480181279,0.0919989574495566,0.87981163581016,0.87981163581016,"genotype_num"
"4","Il1r2","Monocytes",0.662191138101531,9.90237761033016,2.11088219894204,0.179964723154255,0.909348885309515,0.909348885309515,"genotype_num"
"6","Stk17b","Monocytes",0.56048170433324,11.2708204348058,1.43699471627904,0.260902694512047,0.909348885309515,0.909348885309515,"genotype_num"
"9","Clk1","Monocytes",-0.626048399213802,9.43710541156113,1.90555109991261,0.20062963263613,0.909348885309515,0.909348885309515,"genotype_num"
"12","Slc11a1","Monocytes",0.581834920000026,9.18869543537341,1.46576676091461,0.25674342859995,0.909348885309515,0.909348885309515,"genotype_num"
"33","Cd244a","Monocytes",0.636361842300053,8.94145596455294,1.35865978522656,0.273598654817134,0.909348885309515,0.909348885309515,"genotype_num"
"36","H3f3a","Monocytes",0.534110302888605,10.2638679944221,2.0833904736039,0.182533970087322,0.909348885309515,0.909348885309515,"genotype_num"
"39","Hlx","Monocytes",0.773918726030278,9.53959626489665,2.28973486245645,0.164342968468887,0.909348885309515,0.909348885309515,"genotype_num"
"40","Atf3","Monocytes",-1.01309607926477,10.2221909202434,1.817687282109,0.210247764928544,0.909348885309515,0.909348885309515,"genotype_num"
"46","Apbb1ip","Monocytes",0.59597701402926,9.78143914936346,1.794146172459,0.213052384336268,0.909348885309515,0.909348885309515,"genotype_num"
"50","Lcn2","Monocytes",-0.835714988163726,13.6437257198323,1.43466554185178,0.261244375949313,0.909348885309515,0.909348885309515,"genotype_num"
"52","Rab14","Monocytes",-0.691054955273,8.78047864116477,2.07727396954444,0.183302478294393,0.909348885309515,0.909348885309515,"genotype_num"
"58","Dhrs9","Monocytes",0.522634843352373,9.40187451856256,1.38819008313228,0.268757970437338,0.909348885309515,0.909348885309515,"genotype_num"
"68","Il1b","Monocytes",0.584559321986189,14.3340490551825,1.28394674253975,0.28611089884265,0.909348885309515,0.909348885309515,"genotype_num"
"76","Samhd1","Monocytes",0.532312601392195,10.6507273648409,1.3090563053604,0.281785814275493,0.909348885309515,0.909348885309515,"genotype_num"
"80","Mmp9","Monocytes",-0.374912558729251,12.3857314840131,1.29954087725388,0.283390780577294,0.909348885309515,0.909348885309515,"genotype_num"
"88","Tlr2","Monocytes",1.26747495244366,9.20822878401063,3.05677769412128,0.114097179411344,0.909348885309515,0.909348885309515,"genotype_num"
"91","S100a6","Monocytes",0.689597545526384,11.3153428435914,2.73619059578001,0.132118931095868,0.909348885309515,0.909348885309515,"genotype_num"
"97","Txnip","Monocytes",0.478422247895359,11.944005068543,2.47169386781561,0.149967924018478,0.909348885309515,0.909348885309515,"genotype_num"
"107","Tln1","Monocytes",-0.454163779717801,10.26061603717,1.4268370861152,0.262554724740493,0.909348885309515,0.909348885309515,"genotype_num"
"113","Akna","Monocytes",-0.477905403180475,9.4189748388255,1.27884056481341,0.28722474435166,0.909348885309515,0.909348885309515,"genotype_num"
"115","Hacd4","Monocytes",-0.692443456354427,9.02212139005515,1.61966391943729,0.234838640621131,0.909348885309515,0.909348885309515,"genotype_num"
"120","Rnf11","Monocytes",0.762527395099032,8.81981662356704,1.61205216584297,0.235835033981778,0.909348885309515,0.909348885309515,"genotype_num"
"124","Ppt1","Monocytes",-0.714850431777358,8.83629256247529,1.67515561843591,0.227690104531301,0.909348885309515,0.909348885309515,"genotype_num"
"126","Zc3h12a","Monocytes",0.876342195142632,8.82638679964709,1.64795016182801,0.230889916978084,0.909348885309515,0.909348885309515,"genotype_num"
"127","Csf3r","Monocytes",0.497459797796836,12.7499852747312,1.56654611529876,0.241898895195709,0.909348885309515,0.909348885309515,"genotype_num"
"131","Themis2","Monocytes",0.618807846751864,10.2705939722163,3.03807794052409,0.114997300568304,0.909348885309515,0.909348885309515,"genotype_num"
"134","Cd52","Monocytes",0.373524356905402,11.9137174052991,1.4683613889101,0.256108356353549,0.909348885309515,0.909348885309515,"genotype_num"
"139","Padi4","Monocytes",-0.4331086430422,9.82887678265561,1.34483012667289,0.275848988593385,0.909348885309515,0.909348885309515,"genotype_num"
"141","Pgd","Monocytes",0.579715702122266,10.3918629604791,1.81356834059512,0.210715556749879,0.909348885309515,0.909348885309515,"genotype_num"
"148","Fosl2","Monocytes",0.793947767373367,10.1992392776564,3.11988568489812,0.110868748922701,0.909348885309515,0.909348885309515,"genotype_num"
"151","Fbxl5","Monocytes",0.836884132148805,10.0658794577176,2.38239099132883,0.1569159984162,0.909348885309515,0.909348885309515,"genotype_num"
"152","Bst1","Monocytes",-0.839650794541334,9.06449433956062,1.90241049602125,0.20054856354663,0.909348885309515,0.909348885309515,"genotype_num"
"157","Antxr2","Monocytes",-0.500377797220344,9.1915485059442,1.34482303836365,0.275935279885239,0.909348885309515,0.909348885309515,"genotype_num"
"164","Hcar2","Monocytes",1.04064427572426,9.86232537884306,1.64499330870551,0.231491811892976,0.909348885309515,0.909348885309515,"genotype_num"
"167","Ncf1","Monocytes",-0.471765194161532,11.0092699608875,1.51843075667403,0.248747203616444,0.909348885309515,0.909348885309515,"genotype_num"
"175","Ube2h","Monocytes",-0.789074347471017,9.07614423979918,2.05316633125483,0.184722478373353,0.909348885309515,0.909348885309515,"genotype_num"
"176","Kdm7a","Monocytes",0.669343486033551,9.62188069706142,2.55157841675149,0.144478551559147,0.909348885309515,0.909348885309515,"genotype_num"
"178","Skap2","Monocytes",-0.611011624141859,9.63080142606501,1.7853710597374,0.214089973709936,0.909348885309515,0.909348885309515,"genotype_num"
"188","Abtb1","Monocytes",-0.723897652382288,9.27119849664327,2.24416482734995,0.168207117634739,0.909348885309515,0.909348885309515,"genotype_num"
"196","Clec4e","Monocytes",-0.483776121485466,10.5378630713978,2.43471103181487,0.152764516437669,0.909348885309515,0.909348885309515,"genotype_num"
"197","Ptpn6","Monocytes",0.5233394073371,10.2384759995506,2.26305027436729,0.166458931462898,0.909348885309515,0.909348885309515,"genotype_num"
"202","Plbd1","Monocytes",-0.58986001433834,10.3243647626566,2.69861186916052,0.134525337148425,0.909348885309515,0.909348885309515,"genotype_num"
"210","C5ar1","Monocytes",0.439012855426086,10.9002391191394,1.3672269079644,0.272013218632638,0.909348885309515,0.909348885309515,"genotype_num"
"212","Pglyrp1","Monocytes",-0.548138011925409,11.2586314612312,1.9938344918446,0.191206080039162,0.909348885309515,0.909348885309515,"genotype_num"
"214","Fosb","Monocytes",-0.968696379413864,10.0390671595836,1.36417705023765,0.272610861257695,0.909348885309515,0.909348885309515,"genotype_num"
"216","Plaur","Monocytes",-0.609992524339951,10.3184884287463,2.92061485436478,0.121330425498516,0.909348885309515,0.909348885309515,"genotype_num"
"219","Ceacam1","Monocytes",0.697762031798921,9.00450321316858,1.69656374562496,0.224762790979771,0.909348885309515,0.909348885309515,"genotype_num"
"225","Fxyd5","Monocytes",0.575138100750597,10.8779957044486,2.59149939779621,0.141533673883228,0.909348885309515,0.909348885309515,"genotype_num"
"232","Fes","Monocytes",-0.662092484312117,9.61918897610376,2.38944612639833,0.156377055572383,0.909348885309515,0.909348885309515,"genotype_num"
"234","Iqgap1","Monocytes",0.473578716368019,11.2312577913033,2.30554543130919,0.162853248801911,0.909348885309515,0.909348885309515,"genotype_num"
"236","Picalm","Monocytes",-0.570619165390247,9.5385932544813,1.5647817080952,0.242363158525258,0.909348885309515,0.909348885309515,"genotype_num"
"241","Trim30d","Monocytes",1.19830806576413,8.66086815861011,2.04669214790436,0.185927219271547,0.909348885309515,0.909348885309515,"genotype_num"
"244","Igsf6","Monocytes",0.838783229314159,9.83177897617911,2.58945074478883,0.141790032631676,0.909348885309515,0.909348885309515,"genotype_num"
"253","Itgam","Monocytes",-0.616610442134485,11.1608397037478,1.79323936529602,0.213018314787503,0.909348885309515,0.909348885309515,"genotype_num"
"255","Ifitm2","Monocytes",0.650802296380351,12.3652641423814,1.68259201546666,0.226477181920695,0.909348885309515,0.909348885309515,"genotype_num"
"257","Ifitm3","Monocytes",0.438355742270615,10.3150038786086,1.42011142473981,0.263594642927636,0.909348885309515,0.909348885309515,"genotype_num"
"262","Lsp1","Monocytes",0.514678168627605,11.0991851832074,1.30303954007172,0.282804818189959,0.909348885309515,0.909348885309515,"genotype_num"
"263","Stxbp2","Monocytes",0.669602948531735,9.06005619678254,1.38534002253862,0.269267062431115,0.909348885309515,0.909348885309515,"genotype_num"
"269","Ppp1r3b","Monocytes",0.77745906107065,9.55385399323444,2.38872372854701,0.156442897194153,0.909348885309515,0.909348885309515,"genotype_num"
"272","Jund","Monocytes",-0.519171561881923,11.3688993256783,1.29996396679153,0.283325098167649,0.909348885309515,0.909348885309515,"genotype_num"
"274","Tpm4","Monocytes",0.558928204320002,9.37679216688534,1.32238375616617,0.279691140440104,0.909348885309515,0.909348885309515,"genotype_num"
"279","Adgre5","Monocytes",0.50644021076316,10.6114091088752,1.37333292323921,0.27102140277976,0.909348885309515,0.909348885309515,"genotype_num"
"287","Cmip","Monocytes",0.563860224146945,9.66693383708573,1.5852677073028,0.239517527921153,0.909348885309515,0.909348885309515,"genotype_num"
"288","Cotl1","Monocytes",-0.49922377833521,10.9672554754188,1.71271845357427,0.222722033645644,0.909348885309515,0.909348885309515,"genotype_num"
"290","Cyba","Monocytes",-0.375875483179447,10.106363140115,1.3531798126267,0.274384537553238,0.909348885309515,0.909348885309515,"genotype_num"
"291","Mmp8","Monocytes",-1.22829435696475,11.5220867312965,2.91463302247871,0.121641175798683,0.909348885309515,0.909348885309515,"genotype_num"
"293","Cdkn2d","Monocytes",0.612984910814338,9.0684254592366,1.40846499584067,0.265558932205056,0.909348885309515,0.909348885309515,"genotype_num"
"303","Dennd4a","Monocytes",-0.660626639430081,9.04042551311399,1.9064433538848,0.2005502298066,0.909348885309515,0.909348885309515,"genotype_num"
"312","Gpx1","Monocytes",-0.519071728637056,10.9168219023392,2.20429864008566,0.171419079551647,0.909348885309515,0.909348885309515,"genotype_num"
"313","Shisa5","Monocytes",-0.532421642788941,9.03761753328883,1.25492098847083,0.291559001355737,0.909348885309515,0.909348885309515,"genotype_num"
"317","Ltf","Monocytes",-1.69694512676504,13.2137340080261,1.98268843814813,0.192315359763157,0.909348885309515,0.909348885309515,"genotype_num"
"321","Ccr1","Monocytes",0.641813905233843,10.0565833630361,1.76854893444623,0.216013065581592,0.909348885309515,0.909348885309515,"genotype_num"
"328","Lilrb4a","Monocytes",-0.522575167630111,9.98825260506756,2.06157488301452,0.184622865460323,0.909348885309515,0.909348885309515,"genotype_num"
"334","Itgb2","Monocytes",0.418764797736393,11.2989145608693,1.44451525635599,0.259741493915452,0.909348885309515,0.909348885309515,"genotype_num"
"336","Cnn2","Monocytes",0.627425593627409,10.5522825096738,2.50165701651918,0.147875621623149,0.909348885309515,0.909348885309515,"genotype_num"
"340","Mknk2","Monocytes",-0.720565583924265,8.99807981386923,1.70579693876508,0.223768417597884,0.909348885309515,0.909348885309515,"genotype_num"
"352","Rap1b","Monocytes",0.445788575070504,10.8495287523973,2.10933817010609,0.179997543619843,0.909348885309515,0.909348885309515,"genotype_num"
"362","Cyfip2","Monocytes",-0.788120574762186,9.33913046845932,1.44251624703457,0.260260286912628,0.909348885309515,0.909348885309515,"genotype_num"
"365","Irf1","Monocytes",0.671716856321159,9.4738501900797,1.33194798709806,0.278060351821406,0.909348885309515,0.909348885309515,"genotype_num"
"382","Slfn4","Monocytes",0.681866363772899,10.9965493269347,1.47718274465506,0.254831879989324,0.909348885309515,0.909348885309515,"genotype_num"
"387","Rab5c","Monocytes",0.964801288220927,8.87292146390861,1.43446042194139,0.261405573235479,0.909348885309515,0.909348885309515,"genotype_num"
"392","Cd300a","Monocytes",0.712879384216051,9.58939788001391,1.2894959590147,0.285315849966672,0.909348885309515,0.909348885309515,"genotype_num"
"394","Cd300ld","Monocytes",0.608062344648503,10.2729872057169,2.99831124384618,0.117071430790476,0.909348885309515,0.909348885309515,"genotype_num"
"407","Hbp1","Monocytes",-0.655908934065407,9.00778152061537,1.60414218815808,0.236953852575412,0.909348885309515,0.909348885309515,"genotype_num"
"419","Tnfaip2","Monocytes",1.0507981525816,10.9237841814722,2.17835977622464,0.173716739375752,0.909348885309515,0.909348885309515,"genotype_num"
"425","Hist1h2bc","Monocytes",-1.01542283487039,9.53780299941077,3.07916134060805,0.113016538823999,0.909348885309515,0.909348885309515,"genotype_num"
"434","Tgfbi","Monocytes",0.563260128575686,9.9830276924444,1.80018884816757,0.21230154671838,0.909348885309515,0.909348885309515,"genotype_num"
"435","Tut7","Monocytes",-0.811878634105633,9.56738097673938,2.72572827158087,0.13293974853981,0.909348885309515,0.909348885309515,"genotype_num"
"439","Snx18","Monocytes",0.80821060458499,9.33204182780932,1.79230669148327,0.213304811230663,0.909348885309515,0.909348885309515,"genotype_num"
"441","Anxa11","Monocytes",-0.569404472698284,9.94047267409589,1.44699056633265,0.259523012088546,0.909348885309515,0.909348885309515,"genotype_num"
"443","Prkcd","Monocytes",0.614524572289842,9.17120005112823,1.50043154302457,0.251567291276361,0.909348885309515,0.909348885309515,"genotype_num"
"448","Msra","Monocytes",-0.820185836696826,8.87681405170152,2.27163379444013,0.16558713775594,0.909348885309515,0.909348885309515,"genotype_num"
"453","Kctd12","Monocytes",-0.557877462729745,11.1847899242397,2.52840696871749,0.14589840517065,0.909348885309515,0.909348885309515,"genotype_num"
"455","Selenop","Monocytes",-1.77134563050524,9.80135461523981,2.56668504582668,0.143329481138559,0.909348885309515,0.909348885309515,"genotype_num"
"463","Ncf4","Monocytes",-0.679527964481113,9.34099157360729,2.24349802911915,0.168274380553644,0.909348885309515,0.909348885309515,"genotype_num"
"464","Csf2rb","Monocytes",-0.874815735454344,9.35476218588442,1.69344648375594,0.225335661941432,0.909348885309515,0.909348885309515,"genotype_num"
"466","Cyth4","Monocytes",-0.795121600693111,9.29141036020522,1.81607600132221,0.210520597046492,0.909348885309515,0.909348885309515,"genotype_num"
"474","Nr4a1","Monocytes",0.637824442539717,11.7937059046364,2.33120666509124,0.160758384772574,0.909348885309515,0.909348885309515,"genotype_num"
"475","Prr13","Monocytes",-0.522727398226699,9.95111198153181,1.34776654631025,0.275354551154352,0.909348885309515,0.909348885309515,"genotype_num"
"477","Nckap1l","Monocytes",0.70879646331672,9.17174372324506,1.85259832651665,0.206417692185628,0.909348885309515,0.909348885309515,"genotype_num"
"491","Ets2","Monocytes",0.470654231349007,10.4531116162782,1.59137167805463,0.238534720977089,0.909348885309515,0.909348885309515,"genotype_num"
"499","Dusp1","Monocytes",0.606749933749936,12.4097854120599,1.45675322737212,0.257859486086946,0.909348885309515,0.909348885309515,"genotype_num"
"502","Stk38","Monocytes",0.643524521097148,9.56354832612325,1.5849932879553,0.239566929908097,0.909348885309515,0.909348885309515,"genotype_num"
"515","Ppp1r18","Monocytes",0.836933280147805,9.60828647964406,2.49730842853018,0.148322307320443,0.909348885309515,0.909348885309515,"genotype_num"
"525","Myl12a","Monocytes",0.817799581676723,8.58525503328883,1.87435175275251,0.204029295159761,0.909348885309515,0.909348885309515,"genotype_num"
"526","Emilin2","Monocytes",0.863339814784081,9.71692195268554,2.00489558084922,0.190267408807865,0.909348885309515,0.909348885309515,"genotype_num"
"527","Xdh","Monocytes",0.982611364576432,9.32519160275447,1.75292598844534,0.218003120021896,0.909348885309515,0.909348885309515,"genotype_num"
"530","Calm2","Monocytes",-1.19734860811275,8.59685668518864,1.55361117018138,0.24305843525225,0.909348885309515,0.909348885309515,"genotype_num"
"531","Svil","Monocytes",0.720742940787448,8.85606193359157,1.25546506657069,0.291224738495283,0.909348885309515,0.909348885309515,"genotype_num"
"535","Diaph1","Monocytes",0.768997827851184,8.93514635720036,1.94932282035704,0.195822979609741,0.909348885309515,0.909348885309515,"genotype_num"
"542","Cdk2ap2","Monocytes",-0.5629752179652,10.3720769480041,1.87720231892567,0.203560838714122,0.909348885309515,0.909348885309515,"genotype_num"
"545","Cfl1","Monocytes",-0.456039024598333,10.3807628155775,1.25903167283256,0.290619812468946,0.909348885309515,0.909348885309515,"genotype_num"
"555","Anxa1","Monocytes",-0.769072060769137,11.4346829168273,1.69463182423119,0.22497684397367,0.909348885309515,0.909348885309515,"genotype_num"
"557","Gda","Monocytes",0.525635847562134,11.1812767239969,1.51016882460833,0.249947892141692,0.909348885309515,0.909348885309515,"genotype_num"
"562","Plp2","Monocytes",0.556342917004043,9.34243185453163,1.4573464777448,0.258002420239995,0.909348885309515,0.909348885309515,"genotype_num"
"570","Atp6ap1","Monocytes",0.781027475753007,8.91427444488329,2.24851302139217,0.167892524643917,0.909348885309515,0.909348885309515,"genotype_num"
"577","mt-Atp6","Monocytes",-0.898249207848593,9.07060907697444,1.94007965770085,0.196935205033492,0.909348885309515,0.909348885309515,"genotype_num"
"150","Wdr1","Monocytes",0.640346057301696,8.90347730153673,1.23709644069743,0.294722644593445,0.914274010378589,0.914274010378589,"genotype_num"
"8","Coq10b","Monocytes",1.01638926785993,8.70481840303846,1.14066151908081,0.312814522342627,0.925760548738046,0.925760548738046,"genotype_num"
"11","Arpc2","Monocytes",0.491140151712683,9.59944907579384,0.979030872141559,0.348171385528393,0.925760548738046,0.925760548738046,"genotype_num"
"17","Btg2","Monocytes",-0.398262589155259,12.0390149810177,1.02333690762927,0.337848710773443,0.925760548738046,0.925760548738046,"genotype_num"
"18","Chil1","Monocytes",-0.415493859319195,9.84448042359938,1.08550386728652,0.324495050141796,0.925760548738046,0.925760548738046,"genotype_num"
"20","Ptprc","Monocytes",0.343720983526267,10.8799740625884,1.06220503124126,0.329329199012431,0.925760548738046,0.925760548738046,"genotype_num"
"31","Fcer1g","Monocytes",-0.342719530053518,11.4370051650288,1.02347818660201,0.337828495238632,0.925760548738046,0.925760548738046,"genotype_num"
"34","Cd84","Monocytes",-0.537323082723502,9.70238086651245,1.01176666594376,0.34061700283362,0.925760548738046,0.925760548738046,"genotype_num"
"72","Gpcpd1","Monocytes",0.382488286581413,9.96390550719224,0.96525331024784,0.351371854720333,0.925760548738046,0.925760548738046,"genotype_num"
"92","S100a8","Monocytes",0.71904496713423,17.0594307712441,1.1109630691322,0.319028700167159,0.925760548738046,0.925760548738046,"genotype_num"
"103","Sh3glb1","Monocytes",-0.403280124245321,9.66621369736873,1.06150964883891,0.329642769088951,0.925760548738046,0.925760548738046,"genotype_num"
"181","St3gal5","Monocytes",-0.690555893107991,8.91593065109936,1.18349430292561,0.304864838590174,0.925760548738046,0.925760548738046,"genotype_num"
"182","Vamp8","Monocytes",-0.444525056784357,9.25865643541964,0.971511117155134,0.349965899940399,0.925760548738046,0.925760548738046,"genotype_num"
"205","Resf1","Monocytes",0.492740506815399,9.47483345700242,0.983371593687387,0.347161224146202,0.925760548738046,0.925760548738046,"genotype_num"
"208","Pirb","Monocytes",-0.353405556209826,10.3995328111581,1.08451247244626,0.324611836680594,0.925760548738046,0.925760548738046,"genotype_num"
"281","Junb","Monocytes",-0.523701664598666,12.068974794137,1.14070883216941,0.312994540119597,0.925760548738046,0.925760548738046,"genotype_num"
"310","Gnai2","Monocytes",-0.402358298882544,10.1625242030307,1.01931818167938,0.33883448782064,0.925760548738046,0.925760548738046,"genotype_num"
"349","Tbc1d15","Monocytes",-0.48737533261672,8.96544133604861,1.08303288847232,0.325112851130354,0.925760548738046,0.925760548738046,"genotype_num"
"358","Plek","Monocytes",-0.431367228539345,11.2232110526266,1.03296015702119,0.335714978274249,0.925760548738046,0.925760548738046,"genotype_num"
"373","Arrb2","Monocytes",-0.397284347978856,9.94470152965444,1.0264791487986,0.337256063658618,0.925760548738046,0.925760548738046,"genotype_num"
"376","Pitpna","Monocytes",-0.578286797057607,8.72663587645579,0.974126804393618,0.349252310969823,0.925760548738046,0.925760548738046,"genotype_num"
"377","Cpd","Monocytes",-0.539072680055049,9.28568831177562,1.10150518317338,0.321195705858137,0.925760548738046,0.925760548738046,"genotype_num"
"379","Evi2a","Monocytes",-0.600845096331405,8.8367322214776,1.15567183422739,0.310241599751983,0.925760548738046,0.925760548738046,"genotype_num"
"381","Slfn1","Monocytes",0.712222762044448,9.86308651436639,1.20533871332975,0.300595610330298,0.925760548738046,0.925760548738046,"genotype_num"
"456","Fyb","Monocytes",-0.456071849861648,9.76735543235877,0.969120881443027,0.350442693173002,0.925760548738046,0.925760548738046,"genotype_num"
"471","Atxn10","Monocytes",-0.456719978623772,9.14562284726375,1.06395820450145,0.329151745996791,0.925760548738046,0.925760548738046,"genotype_num"
"473","Bin2","Monocytes",-0.36386206643127,10.1021863621912,1.06266174492054,0.329299270286278,0.925760548738046,0.925760548738046,"genotype_num"
"511","Clic1","Monocytes",0.679346435037159,9.02066552473069,1.1041590820142,0.320591674934308,0.925760548738046,0.925760548738046,"genotype_num"
"512","Lst1","Monocytes",0.398688885390304,10.0675806007888,0.975355777497924,0.348923505112812,0.925760548738046,0.925760548738046,"genotype_num"
"528","Zfp36l2","Monocytes",-0.430883913608111,9.93983083888886,1.17942130232328,0.305486793915122,0.925760548738046,0.925760548738046,"genotype_num"
"540","Mbd2","Monocytes",0.550836425288903,9.33801854474335,0.975716061410196,0.348973540224215,0.925760548738046,0.925760548738046,"genotype_num"
"556","Zfand5","Monocytes",0.471675131496821,9.30176231630928,1.14015818322561,0.313322457738285,0.925760548738046,0.925760548738046,"genotype_num"
"558","Pten","Monocytes",0.42733760043366,10.4234388163043,1.09307778354853,0.322804781325121,0.925760548738046,0.925760548738046,"genotype_num"
"568","Lamp2","Monocytes",0.4896777836496,9.47540189180633,0.97587830441985,0.348930141541768,0.925760548738046,0.925760548738046,"genotype_num"
"93","S100a9","Monocytes",0.742790190248806,17.1705959762922,0.954400850468112,0.353833352533069,0.928008383689003,0.928008383689003,"genotype_num"
"7","Sf3b1","Monocytes",-0.350950143283281,9.15977193802616,0.538766357132181,0.481575005100842,0.929327016532395,0.929327016532395,"genotype_num"
"14","Actr3","Monocytes",0.630680997380506,9.40274117425394,0.883782191098646,0.371610717457056,0.929327016532395,0.929327016532395,"genotype_num"
"15","Cxcr4","Monocytes",0.341445204567483,11.0365029455427,0.553934629761167,0.475491320964195,0.929327016532395,0.929327016532395,"genotype_num"
"27","Sell","Monocytes",0.354986772816933,11.6287093087767,0.75472272422603,0.407299104989113,0.929327016532395,0.929327016532395,"genotype_num"
"28","Sft2d2","Monocytes",-0.565231437799952,8.66058396593727,0.605959162712389,0.456108748572561,0.929327016532395,0.929327016532395,"genotype_num"
"45","Vim","Monocytes",-0.400420913835265,10.9614769887903,0.560667451497897,0.472930874306953,0.929327016532395,0.929327016532395,"genotype_num"
"54","Cytip","Monocytes",0.365290870405442,10.0019393941428,0.807588619630532,0.392068480789506,0.929327016532395,0.929327016532395,"genotype_num"
"65","Chp1","Monocytes",-0.439824740271196,9.30462646945647,0.785398680856092,0.398379166312273,0.929327016532395,0.929327016532395,"genotype_num"
"66","B2m","Monocytes",0.371247448424491,10.3530371485928,0.739704619500566,0.411862237985794,0.929327016532395,0.929327016532395,"genotype_num"
"71","Cds2","Monocytes",0.451112784829216,9.13534217837605,0.772564246597052,0.4020522431564,0.929327016532395,0.929327016532395,"genotype_num"
"74","Hck","Monocytes",-0.411710864490087,9.48199793343944,0.687416916380803,0.428389504496051,0.929327016532395,0.929327016532395,"genotype_num"
"75","Rab5if","Monocytes",0.712927038581529,9.28038299906104,0.889877453049663,0.370037696801648,0.929327016532395,0.929327016532395,"genotype_num"
"77","Serinc3","Monocytes",-0.648522395197459,10.5513349113827,0.898771448246311,0.367626877578676,0.929327016532395,0.929327016532395,"genotype_num"
"79","Ctsa","Monocytes",-0.476753311698787,8.93618147491353,0.621629865393298,0.450643396782665,0.929327016532395,0.929327016532395,"genotype_num"
"81","Prex1","Monocytes",-0.350849290932476,9.53317553648192,0.641859744445052,0.443565530906811,0.929327016532395,0.929327016532395,"genotype_num"
"87","Ccnl1","Monocytes",0.379815026936939,9.37165699451401,0.767099815556169,0.403784929326412,0.929327016532395,0.929327016532395,"genotype_num"
"90","Sema4a","Monocytes",0.381700316246093,9.89103762939613,0.735996557042401,0.413095902424156,0.929327016532395,0.929327016532395,"genotype_num"
"118","Pde4b","Monocytes",0.359224987761528,9.36743573832396,0.615657681475189,0.452737598632666,0.929327016532395,0.929327016532395,"genotype_num"
"119","Osbpl9","Monocytes",0.518149946580386,8.92933756270704,0.680826064170458,0.430226345922956,0.929327016532395,0.929327016532395,"genotype_num"
"121","Plk3","Monocytes",0.58040740408518,8.93332170678986,0.700243927449626,0.424273915744276,0.929327016532395,0.929327016532395,"genotype_num"
"125","Cap1","Monocytes",-0.269418226745932,11.5077711134659,0.632273662347943,0.446756840466839,0.929327016532395,0.929327016532395,"genotype_num"
"154","Dck","Monocytes",-0.380954093538317,9.47026014963191,0.680785625354404,0.430547122817557,0.929327016532395,0.929327016532395,"genotype_num"
"163","Arpc3","Monocytes",0.364067079681561,9.75794279583771,0.564650671156335,0.471467795438749,0.929327016532395,0.929327016532395,"genotype_num"
"174","Alox5ap","Monocytes",0.251012389900513,11.5987288366893,0.669002267248918,0.434282780460579,0.929327016532395,0.929327016532395,"genotype_num"
"183","Mob1a","Monocytes",-0.457770976170256,9.10609335720821,0.885688482714921,0.371149229885872,0.929327016532395,0.929327016532395,"genotype_num"
"192","Alox5","Monocytes",0.429063162706411,9.71222559687806,0.904270144356654,0.366319798744846,0.929327016532395,0.929327016532395,"genotype_num"
"201","Cdkn1b","Monocytes",0.300061343770282,9.90096173343266,0.57735010998863,0.466649831035232,0.929327016532395,0.929327016532395,"genotype_num"
"204","Mgst1","Monocytes",-0.455933879272447,9.34255613957057,0.549741332994201,0.477210520049397,0.929327016532395,0.929327016532395,"genotype_num"
"235","Il16","Monocytes",-0.338744811114826,9.30459553323865,0.625525281733137,0.449261514019497,0.929327016532395,0.929327016532395,"genotype_num"
"239","Rhog","Monocytes",-0.315728851149388,10.308114379188,0.688998944225977,0.427786040614522,0.929327016532395,0.929327016532395,"genotype_num"
"242","Dennd5a","Monocytes",0.378566913099312,9.06955124044226,0.568860929238972,0.469935319664584,0.929327016532395,0.929327016532395,"genotype_num"
"245","Prkcb","Monocytes",-0.431993265550924,8.90126409963617,0.545883376345566,0.478783655254743,0.929327016532395,0.929327016532395,"genotype_num"
"247","Xpo6","Monocytes",0.792660405892836,8.89920467029569,0.684241946779467,0.429421631551325,0.929327016532395,0.929327016532395,"genotype_num"
"249","Ypel3","Monocytes",0.319758196982212,9.58169835002022,0.640258793864853,0.444120941698375,0.929327016532395,0.929327016532395,"genotype_num"
"256","Ifitm1","Monocytes",0.579991004971069,11.535007850441,0.871395831579565,0.374669902560548,0.929327016532395,0.929327016532395,"genotype_num"
"264","Mcemp1","Monocytes",0.464812183236339,10.5094519676678,0.737515366745975,0.412535438691657,0.929327016532395,0.929327016532395,"genotype_num"
"278","Pkn1","Monocytes",-0.36912417870674,9.13505401865838,0.546134075626618,0.478680446376,0.929327016532395,0.929327016532395,"genotype_num"
"282","Man2b1","Monocytes",-0.320956650661981,9.17103699714275,0.545899915772319,0.478766992429478,0.929327016532395,0.929327016532395,"genotype_num"
"283","N4bp1","Monocytes",-0.366113693190733,9.14420626029257,0.564301932873822,0.47163362127688,0.929327016532395,0.929327016532395,"genotype_num"
"284","Snx20","Monocytes",0.395786304791933,9.18819522074096,0.601622061266512,0.457787054736986,0.929327016532395,0.929327016532395,"genotype_num"
"289","Map1lc3b","Monocytes",0.359100081521547,10.1727134621331,0.913858777463986,0.36385999261516,0.929327016532395,0.929327016532395,"genotype_num"
"297","Ddx6","Monocytes",0.390219041444162,9.77397780151073,0.875234901423977,0.373821144170548,0.929327016532395,0.929327016532395,"genotype_num"
"302","Anp32a","Monocytes",0.400151258656533,9.09905619520553,0.53891551108202,0.481505573878126,0.929327016532395,0.929327016532395,"genotype_num"
"315","Ngp","Monocytes",-1.281805626285,14.0158785883789,0.797803600873908,0.394737823761816,0.929327016532395,0.929327016532395,"genotype_num"
"318","Cmtm6","Monocytes",0.449335093422421,9.66350835522802,0.703761684924563,0.423121463420262,0.929327016532395,0.929327016532395,"genotype_num"
"319","Myd88","Monocytes",-0.433990084347474,9.54529373910725,0.549761372969424,0.477218665345703,0.929327016532395,0.929327016532395,"genotype_num"
"322","Rab32","Monocytes",-0.448041107119084,8.94265788103166,0.845173933572148,0.381724685572338,0.929327016532395,0.929327016532395,"genotype_num"
"330","Psap","Monocytes",-0.490683221399752,9.58750767089641,0.835579703765776,0.384360259092448,0.929327016532395,0.929327016532395,"genotype_num"
"350","Rab21","Monocytes",-0.438126482538104,9.15113826777114,0.915636185933124,0.363553484887837,0.929327016532395,0.929327016532395,"genotype_num"
"354","Ctdsp2","Monocytes",-0.438950052271591,8.937211942279,0.678748336916253,0.431251739174617,0.929327016532395,0.929327016532395,"genotype_num"
"367","Nlrp3","Monocytes",-0.345197426172922,9.92074815420706,0.652245666278984,0.439979137868918,0.929327016532395,0.929327016532395,"genotype_num"
"368","Map2k3","Monocytes",-0.52399349632798,8.93634900407052,0.729164651169372,0.415215548434835,0.929327016532395,0.929327016532395,"genotype_num"
"386","Rara","Monocytes",0.536128848944471,9.54538623493734,0.775428511845436,0.40134090489784,0.929327016532395,0.929327016532395,"genotype_num"
"393","Cd300lb","Monocytes",-0.361101520170045,9.93386174124559,0.76457038057717,0.404474862602065,0.929327016532395,0.929327016532395,"genotype_num"
"397","Slc9a3r1","Monocytes",-0.620600357168581,8.88920156439773,0.873743665111125,0.374190993918366,0.929327016532395,0.929327016532395,"genotype_num"
"398","Grb2","Monocytes",-0.425523927420052,9.13418424900927,0.651324667991479,0.440376410964288,0.929327016532395,0.929327016532395,"genotype_num"
"409","Nfkbia","Monocytes",-0.491827796951387,11.1089614488412,0.683146887446441,0.429638621325772,0.929327016532395,0.929327016532395,"genotype_num"
"413","Arg2","Monocytes",0.563418958746656,9.1425430585629,0.542827228759123,0.479855744779306,0.929327016532395,0.929327016532395,"genotype_num"
"428","Gcnt2","Monocytes",0.501359191197232,9.17032275983134,0.595712063096406,0.459943042980973,0.929327016532395,0.929327016532395,"genotype_num"
"438","Arrdc3","Monocytes",-0.637396027686143,8.6870186206784,0.760930801723828,0.405639957968059,0.929327016532395,0.929327016532395,"genotype_num"
"451","Lcp1","Monocytes",0.305612790880648,12.3777608566856,0.584577115217758,0.463873532617759,0.929327016532395,0.929327016532395,"genotype_num"
"452","Tpt1","Monocytes",-0.407570293574349,10.167650959486,0.700218419654246,0.424187305259054,0.929327016532395,0.929327016532395,"genotype_num"
"454","Acod1","Monocytes",0.412405743403234,10.224271565269,0.64363297023075,0.442923227525872,0.929327016532395,0.929327016532395,"genotype_num"
"457","Trib1","Monocytes",0.478675961638083,9.39022687766879,0.83033351987072,0.385829318477821,0.929327016532395,0.929327016532395,"genotype_num"
"468","Ep300","Monocytes",0.574277770857627,8.8708614645458,0.737937177141642,0.412553149494834,0.929327016532395,0.929327016532395,"genotype_num"
"472","Dazap2","Monocytes",-0.314924132246185,9.41936117475758,0.547670699052909,0.47804799334972,0.929327016532395,0.929327016532395,"genotype_num"
"484","Atg3","Monocytes",0.305935514933949,9.51402018732627,0.600058827420971,0.458335035458223,0.929327016532395,0.929327016532395,"genotype_num"
"487","Nfkbiz","Monocytes",-0.452508039086545,10.366717801406,0.672589764433623,0.433130527531701,0.929327016532395,0.929327016532395,"genotype_num"
"496","Elob","Monocytes",-0.539626705205326,8.71217218806398,0.807038124588715,0.392287660531389,0.929327016532395,0.929327016532395,"genotype_num"
"520","Trem3","Monocytes",0.592472062285464,9.71570302894605,0.928251010780388,0.360327825871813,0.929327016532395,0.929327016532395,"genotype_num"
"543","Grk2","Monocytes",-0.290895976587062,10.3076034511872,0.611528225734962,0.454116801846687,0.929327016532395,0.929327016532395,"genotype_num"
"544","Sf3b2","Monocytes",0.471207947665618,8.7871986795346,0.630759216583879,0.447415739679733,0.929327016532395,0.929327016532395,"genotype_num"
"547","Fau","Monocytes",-0.325509462576159,10.0958219234979,0.884828625375862,0.371240799756239,0.929327016532395,0.929327016532395,"genotype_num"
"548","Rasgrp2","Monocytes",-0.481831047877939,8.89165022152743,0.637604073474377,0.445084279108826,0.929327016532395,0.929327016532395,"genotype_num"
"550","Rtn3","Monocytes",0.448556969418943,9.35835809037881,0.675400735851304,0.432327611643404,0.929327016532395,0.929327016532395,"genotype_num"
"566","Cfp","Monocytes",-0.443509376412386,9.03763542920951,0.811083647302545,0.391130503289228,0.929327016532395,0.929327016532395,"genotype_num"
"569","Flna","Monocytes",-0.511440784877202,10.814372995207,0.631005099675199,0.447223340702522,0.929327016532395,0.929327016532395,"genotype_num"
"572","Ogt","Monocytes",-0.632594225956626,8.63038673605802,0.864082632494734,0.376766625177839,0.929327016532395,0.929327016532395,"genotype_num"
"576","mt-Co2","Monocytes",-0.435422241601598,9.26429025660804,0.560368201359351,0.473147320126048,0.929327016532395,0.929327016532395,"genotype_num"
"5","Slc40a1","Monocytes",0.303467895681177,9.32839861226776,0.393939411088947,0.545770632434276,0.929891823518263,0.929891823518263,"genotype_num"
"25","Ncf2","Monocytes",-0.229291834837877,11.4864034625693,0.451223181836388,0.518434580422034,0.929891823518263,0.929891823518263,"genotype_num"
"37","Wdr26","Monocytes",-0.342497992218604,9.09844197980803,0.350991398612437,0.56807526550957,0.929891823518263,0.929891823518263,"genotype_num"
"38","Lbr","Monocytes",0.175918706892312,10.0230783707511,0.19954008354372,0.665560899994452,0.929891823518263,0.929891823518263,"genotype_num"
"41","Ppp2r5a","Monocytes",0.288476738311724,9.65747234103438,0.345854174064255,0.57085572715306,0.929891823518263,0.929891823518263,"genotype_num"
"42","G0s2","Monocytes",-0.223884316594153,11.0959000784692,0.440268162083974,0.523442165279579,0.929891823518263,0.929891823518263,"genotype_num"
"43","Fam107b","Monocytes",-0.268371771497902,9.00741571332537,0.235442858271778,0.639079441286974,0.929891823518263,0.929891823518263,"genotype_num"
"48","Il1rn","Monocytes",-0.212939114763685,9.14524328330478,0.211019799723049,0.656832929889666,0.929891823518263,0.929891823518263,"genotype_num"
"55","March7","Monocytes",-0.254242660010637,9.49515766600704,0.399897374551477,0.542794657055186,0.929891823518263,0.929891823518263,"genotype_num"
"89","Tmem154","Monocytes",-0.240650656596261,9.37529143767437,0.189365300475419,0.673647802826055,0.929891823518263,0.929891823518263,"genotype_num"
"94","S100a11","Monocytes",0.216512300798253,13.2353663949746,0.360900145451603,0.562655885248154,0.929891823518263,0.929891823518263,"genotype_num"
"95","Cdc42se1","Monocytes",-0.313745424089864,9.85173493123747,0.479888121003215,0.505838387935874,0.929891823518263,0.929891823518263,"genotype_num"
"96","Mcl1","Monocytes",-0.167260429018903,11.8148138814873,0.243945325630104,0.633065519449717,0.929891823518263,0.929891823518263,"genotype_num"
"99","Hipk1","Monocytes",-0.255612203205144,9.78939038590877,0.235355835494459,0.63910266783184,0.929891823518263,0.929891823518263,"genotype_num"
"100","Chil3","Monocytes",0.866252727276184,11.9797711055569,0.216170988980894,0.652890274708867,0.929891823518263,0.929891823518263,"genotype_num"
"102","Gnai3","Monocytes",0.425791951104708,8.96868690734436,0.489206810331518,0.501835494699241,0.929891823518263,0.929891823518263,"genotype_num"
"104","Lyn","Monocytes",0.243218764834438,9.80202814806934,0.332651436620494,0.578151436820035,0.929891823518263,0.929891823518263,"genotype_num"
"105","Sdcbp","Monocytes",-0.198195470192481,10.2331360552734,0.38241303542568,0.551503290089215,0.929891823518263,0.929891823518263,"genotype_num"
"106","Pnrc1","Monocytes",-0.172243261524754,9.50971369957284,0.198657196337299,0.666280130685282,0.929891823518263,0.929891823518263,"genotype_num"
"108","Glipr2","Monocytes",0.34508793059147,9.72049251070624,0.397559520661101,0.543953613622699,0.929891823518263,0.929891823518263,"genotype_num"
"112","Rgs3","Monocytes",0.379931326800031,9.25231469965462,0.35541855813388,0.565695523132311,0.929891823518263,0.929891823518263,"genotype_num"
"122","Atp6v0b","Monocytes",-0.30367390898096,8.840053596496,0.207008945700658,0.659863715454703,0.929891823518263,0.929891823518263,"genotype_num"
"132","Fgr","Monocytes",-0.225907791829788,10.3577988149048,0.411285901503047,0.537161950265561,0.929891823518263,0.929891823518263,"genotype_num"
"136","Syf2","Monocytes",-0.378491910048244,8.76715367639713,0.48853326938784,0.502096914747137,0.929891823518263,0.929891823518263,"genotype_num"
"137","Cdc42","Monocytes",-0.188915459297823,9.99091696127792,0.285009300640996,0.606267833492884,0.929891823518263,0.929891823518263,"genotype_num"
"147","Fgl2","Monocytes",0.24475460830861,10.7701890433844,0.453845493293854,0.517261780032255,0.929891823518263,0.929891823518263,"genotype_num"
"149","Tbc1d14","Monocytes",0.278600567070906,9.07863822961226,0.24781238428081,0.630524138138811,0.929891823518263,0.929891823518263,"genotype_num"
"166","Chchd2","Monocytes",-0.51769132239727,8.73620019859488,0.465356938671537,0.512213553830445,0.929891823518263,0.929891823518263,"genotype_num"
"168","Fis1","Monocytes",0.356837589632423,9.25240851722376,0.414641995319357,0.535632850728272,0.929891823518263,0.929891823518263,"genotype_num"
"169","Lrch4","Monocytes",0.378290629059558,9.21195400714724,0.236854509269277,0.638077316139506,0.929891823518263,0.929891823518263,"genotype_num"
"170","Pilra","Monocytes",0.235524701176385,9.54343659694145,0.267573140170459,0.617366771603101,0.929891823518263,0.929891823518263,"genotype_num"
"171","Lfng","Monocytes",-0.264171183142159,8.80322378446818,0.197202768508551,0.667346580348362,0.929891823518263,0.929891823518263,"genotype_num"
"179","Tax1bp1","Monocytes",-0.310246253280267,9.09787121681052,0.519518542937672,0.48927433589196,0.929891823518263,0.929891823518263,"genotype_num"
"185","Asprv1","Monocytes",0.365616699897337,9.78925824805634,0.270085900590755,0.615747865359435,0.929891823518263,0.929891823518263,"genotype_num"
"186","Mxd1","Monocytes",0.216062931258442,12.2819090096638,0.305120931977935,0.593984993855074,0.929891823518263,0.929891823518263,"genotype_num"
"187","Rab7","Monocytes",-0.305423384909783,8.84063703632377,0.375684406304802,0.555071332551685,0.929891823518263,0.929891823518263,"genotype_num"
"189","Iqsec1","Monocytes",0.431528403884308,9.13509336263929,0.527577704743075,0.485991695397971,0.929891823518263,0.929891823518263,"genotype_num"
"190","Edem1","Monocytes",0.425298587507511,8.95850976268498,0.387552291485905,0.549001325659535,0.929891823518263,0.929891823518263,"genotype_num"
"194","Slc2a3","Monocytes",-0.181299074748217,10.1514831288692,0.207469623315314,0.659462272793589,0.929891823518263,0.929891823518263,"genotype_num"
"195","Clec4d","Monocytes",0.181870568336453,10.7870355965785,0.194374543386518,0.669592193368196,0.929891823518263,0.929891823518263,"genotype_num"
"200","Clec2d","Monocytes",-0.407690491125839,8.87790794907112,0.287305572855192,0.604857891354414,0.929891823518263,0.929891823518263,"genotype_num"
"206","Nlrp12","Monocytes",-0.286566099133408,8.97213934707023,0.195143032208734,0.669057415353108,0.929891823518263,0.929891823518263,"genotype_num"
"207","Myadm","Monocytes",-0.359074354674418,9.94143031027864,0.47221465615126,0.509187974825844,0.929891823518263,0.929891823518263,"genotype_num"
"211","Calm3","Monocytes",0.466535598214167,8.76051291187982,0.295736162453935,0.59957076677262,0.929891823518263,0.929891823518263,"genotype_num"
"213","Vasp","Monocytes",-0.186104723765658,11.042446618678,0.392188276165419,0.546537066535472,0.929891823518263,0.929891823518263,"genotype_num"
"217","Cd177","Monocytes",-0.411148124645425,10.7665222371185,0.319068011429864,0.585852391088126,0.929891823518263,0.929891823518263,"genotype_num"
"221","Gmfg","Monocytes",-0.23165535566503,9.57260954036988,0.223199457626558,0.647797003843285,0.929891823518263,0.929891823518263,"genotype_num"
"222","Rasgrp4","Monocytes",-0.221183871576667,9.44573608849602,0.225765723106351,0.645952736852733,0.929891823518263,0.929891823518263,"genotype_num"
"224","Nfkbid","Monocytes",-0.247277687452725,10.0539636228797,0.31877349287425,0.58602334036671,0.929891823518263,0.929891823518263,"genotype_num"
"229","Cd37","Monocytes",-0.288504069824224,9.06247272848745,0.227939247735656,0.644371462058903,0.929891823518263,0.929891823518263,"genotype_num"
"231","Akap13","Monocytes",0.243864013131119,9.79571244820062,0.474733552301029,0.508073203950351,0.929891823518263,0.929891823518263,"genotype_num"
"233","Furin","Monocytes",0.406115189113513,8.96410143747257,0.506630638337854,0.494558322963595,0.929891823518263,0.929891823518263,"genotype_num"
"254","Adam8","Monocytes",-0.379422958992452,9.57393170534094,0.514435679672406,0.491339997994603,0.929891823518263,0.929891823518263,"genotype_num"
"258","Ifitm6","Monocytes",0.31467019380416,11.7180461990203,0.280133517694275,0.609275790631793,0.929891823518263,0.929891823518263,"genotype_num"
"260","Pnpla2","Monocytes",-0.39793615758716,8.80414661404151,0.41104415306419,0.537394886821617,0.929891823518263,0.929891823518263,"genotype_num"
"261","Ctsd","Monocytes",-0.507414140675486,9.66680838545349,0.380454580327049,0.552545300942575,0.929891823518263,0.929891823518263,"genotype_num"
"267","Rab11fip1","Monocytes",0.300980567435589,9.75417296421005,0.466161955988012,0.511833305135246,0.929891823518263,0.929891823518263,"genotype_num"
"271","Lrrc25","Monocytes",0.272484486339662,9.20044590845976,0.316241505009305,0.587562668755596,0.929891823518263,0.929891823518263,"genotype_num"
"285","Lpcat2","Monocytes",-0.423907187384677,8.88160439635372,0.397145091097249,0.544083381696477,0.929891823518263,0.929891823518263,"genotype_num"
"286","Hp","Monocytes",-0.159686329921071,12.3926494591028,0.251902938105855,0.627647301804385,0.929891823518263,0.929891823518263,"genotype_num"
"292","Birc3","Monocytes",-0.409517083016793,8.97589001201717,0.415615558463859,0.535117097924694,0.929891823518263,0.929891823518263,"genotype_num"
"295","AB124611","Monocytes",0.22761628564638,9.16087447848048,0.189568077616763,0.673500264183606,0.929891823518263,0.929891823518263,"genotype_num"
"296","Sorl1","Monocytes",-0.218394538087725,10.975594466561,0.508250888278191,0.493769964986569,0.929891823518263,0.929891823518263,"genotype_num"
"301","Pkm","Monocytes",0.270386416200017,9.83980210419108,0.443691897361303,0.521948135970665,0.929891823518263,0.929891823518263,"genotype_num"
"305","Rab8b","Monocytes",-0.289477415075297,9.29112441985332,0.283966971284845,0.606898548164478,0.929891823518263,0.929891823518263,"genotype_num"
"307","Ccpg1","Monocytes",0.235062307238554,10.0615595087068,0.329151422932958,0.580108117305081,0.929891823518263,0.929891823518263,"genotype_num"
"308","Rab27a","Monocytes",0.392491983611151,9.14401248275801,0.472006691877256,0.509312104482858,0.929891823518263,0.929891823518263,"genotype_num"
"327","Cd24a","Monocytes",0.226893902123648,10.6804247239548,0.434133526263008,0.526301310995516,0.929891823518263,0.929891823518263,"genotype_num"
"332","Srgn","Monocytes",0.200132864093839,13.1246346539258,0.359390064349445,0.563458773547114,0.929891823518263,0.929891823518263,"genotype_num"
"343","Tcp11l2","Monocytes",-0.276999650194645,9.14770302730159,0.293914213325917,0.600834079182446,0.929891823518263,0.929891823518263,"genotype_num"
"344","Lta4h","Monocytes",-0.380606383542724,8.84673492232057,0.278611731535911,0.610332737897282,0.929891823518263,0.929891823518263,"genotype_num"
"351","Lyz2","Monocytes",-0.232274583336323,12.23902073798,0.228539156094755,0.643876131907964,0.929891823518263,0.929891823518263,"genotype_num"
"357","Osm","Monocytes",0.369657647718499,10.3472502394944,0.260915590018348,0.621672021426873,0.929891823518263,0.929891823518263,"genotype_num"
"360","Lcp2","Monocytes",0.263011161567488,9.31944136149398,0.228626288521948,0.643899801265569,0.929891823518263,0.929891823518263,"genotype_num"
"361","Dock2","Monocytes",0.293990049683553,9.28870025582556,0.204267248153054,0.661951864384327,0.929891823518263,0.929891823518263,"genotype_num"
"364","Ube2b","Monocytes",0.178238429771604,9.81593014998746,0.251104160936239,0.62824022592278,0.929891823518263,0.929891823518263,"genotype_num"
"370","Per1","Monocytes",0.217779394980936,9.77185494966815,0.202164175381187,0.663541554745,0.929891823518263,0.929891823518263,"genotype_num"
"375","Pfn1","Monocytes",-0.189203509676793,10.6471084737532,0.237493909693253,0.63755477666416,0.929891823518263,0.929891823518263,"genotype_num"
"378","Ssh2","Monocytes",-0.325554665100968,9.39288715787147,0.485132339419855,0.503618294980334,0.929891823518263,0.929891823518263,"genotype_num"
"388","Stat3","Monocytes",0.223428252107587,9.30076589261055,0.217800496100519,0.651770649316885,0.929891823518263,0.929891823518263,"genotype_num"
"390","Limd2","Monocytes",-0.183977368804581,9.9926394330071,0.216292118308747,0.652841409652641,0.929891823518263,0.929891823518263,"genotype_num"
"403","Slc16a3","Monocytes",0.223253568086751,10.9365638707924,0.233018112343869,0.640696867047938,0.929891823518263,0.929891823518263,"genotype_num"
"408","Tspan13","Monocytes",0.288359893507256,8.95298812082107,0.276128557200376,0.611884473248059,0.929891823518263,0.929891823518263,"genotype_num"
"412","Max","Monocytes",-0.34411063360592,9.14823909793301,0.316005507226662,0.587638629575219,0.929891823518263,0.929891823518263,"genotype_num"
"418","Calm1","Monocytes",-0.300942225271981,9.09578515673544,0.310652277142451,0.590813310485176,0.929891823518263,0.929891823518263,"genotype_num"
"421","Ighm","Monocytes",-0.409164331287252,8.3290520647731,0.267975081711987,0.616933171822748,0.929891823518263,0.929891823518263,"genotype_num"
"423","Lyst","Monocytes",-0.255915846056689,9.89757723230069,0.471750603545935,0.509382087324418,0.929891823518263,0.929891823518263,"genotype_num"
"424","Elmo1","Monocytes",-0.569319196692148,8.78000351947117,0.455855728493717,0.516422848378456,0.929891823518263,0.929891823518263,"genotype_num"
"429","Sema4d","Monocytes",-0.294983634607136,9.23026578171041,0.318207883463234,0.586418160851802,0.929891823518263,0.929891823518263,"genotype_num"
"433","Hk3","Monocytes",-0.371981010208817,8.86676350776162,0.342079390816418,0.572781932424747,0.929891823518263,0.929891823518263,"genotype_num"
"436","Mfsd14b","Monocytes",-0.260095489103945,9.65158577840843,0.307471006717714,0.592679699814665,0.929891823518263,0.929891823518263,"genotype_num"
"444","Ncoa4","Monocytes",-0.303737913613409,8.92225328672089,0.267173821809167,0.617655289563041,0.929891823518263,0.929891823518263,"genotype_num"
"445","Lgals3","Monocytes",-0.223703012293046,10.5089903971539,0.356113452756964,0.565251111168767,0.929891823518263,0.929891823518263,"genotype_num"
"446","Spata13","Monocytes",-0.368301040768048,8.69133972512508,0.206700308461631,0.659954184647543,0.929891823518263,0.929891823518263,"genotype_num"
"458","Fam49b","Monocytes",-0.235066809965275,10.1554535239486,0.3295377419032,0.579868520255223,0.929891823518263,0.929891823518263,"genotype_num"
"461","Grina","Monocytes",0.1839729615293,11.6606300282363,0.264476362122657,0.619311526776162,0.929891823518263,0.929891823518263,"genotype_num"
"462","Myh9","Monocytes",-0.406350415314548,9.34573224197778,0.455511878421525,0.51662269418302,0.929891823518263,0.929891823518263,"genotype_num"
"467","Sun2","Monocytes",-0.242755920123475,9.70978716334917,0.25643474767235,0.624672604486691,0.929891823518263,0.929891823518263,"genotype_num"
"476","Nfe2","Monocytes",0.314959293325503,9.38830255943282,0.19243775692287,0.671196922096054,0.929891823518263,0.929891823518263,"genotype_num"
"489","App","Monocytes",-0.243890171173559,9.63712016183078,0.283569190853848,0.607198073282015,0.929891823518263,0.929891823518263,"genotype_num"
"493","Lnpep","Monocytes",-0.256989647132698,9.21355226096717,0.325435321317774,0.582274582184136,0.929891823518263,0.929891823518263,"genotype_num"
"495","Fpr2","Monocytes",0.391987698186953,10.7778622624304,0.400862925425771,0.542246487381674,0.929891823518263,0.929891823518263,"genotype_num"
"498","Msrb1","Monocytes",0.157416145712168,12.3198001856511,0.258710749689873,0.623099414241508,0.929891823518263,0.929891823518263,"genotype_num"
"506","Sik1","Monocytes",0.192525288718361,9.724146578848,0.225233691877424,0.646316013348551,0.929891823518263,0.929891823518263,"genotype_num"
"507","Myo1f","Monocytes",0.209027122861585,10.1200987606496,0.221238003094825,0.649207945595347,0.929891823518263,0.929891823518263,"genotype_num"
"508","Pram1","Monocytes",-0.424844017612642,9.06337692871001,0.49191669923584,0.500644347212005,0.929891823518263,0.929891823518263,"genotype_num"
"510","Gpsm3","Monocytes",0.229541729816822,10.2510397865007,0.252585058389535,0.62721498560048,0.929891823518263,0.929891823518263,"genotype_num"
"516","H2-T24","Monocytes",-0.334179894370524,8.985966465912,0.195983793094781,0.668349372746313,0.929891823518263,0.929891823518263,"genotype_num"
"518","Ccnd3","Monocytes",0.368014164742264,9.86148222918553,0.403460723064719,0.541032091894865,0.929891823518263,0.929891823518263,"genotype_num"
"529","Ttc7","Monocytes",0.401959032794671,9.28913482473264,0.319583105469483,0.585622708796213,0.929891823518263,0.929891823518263,"genotype_num"
"534","Cd14","Monocytes",0.285307518951068,9.580506249991,0.250564466248058,0.62861495376828,0.929891823518263,0.929891823518263,"genotype_num"
"549","Prdx5","Monocytes",-0.227241901545815,11.0029925902232,0.391677914712996,0.546801904610215,0.929891823518263,0.929891823518263,"genotype_num"
"551","Fth1","Monocytes",-0.201928385671243,11.9200752563646,0.344886289107464,0.571294108622436,0.929891823518263,0.929891823518263,"genotype_num"
"554","Ostf1","Monocytes",-0.268193125826387,9.87310430921263,0.312926287132585,0.589451842689281,0.929891823518263,0.929891823518263,"genotype_num"
"561","Csf2ra","Monocytes",-0.31431259210817,9.07702084967551,0.328558877527446,0.580505423866939,0.929891823518263,0.929891823518263,"genotype_num"
"563","Was","Monocytes",0.388856926545994,9.17662062527901,0.497108924396627,0.498553506402099,0.929891823518263,0.929891823518263,"genotype_num"
"564","Cybb","Monocytes",-0.560677993566146,9.84179536960476,0.385408998695288,0.550022722632377,0.929891823518263,0.929891823518263,"genotype_num"
"565","Ddx3x","Monocytes",0.273681511538963,9.59457388908086,0.218916163417546,0.650935065388754,0.929891823518263,0.929891823518263,"genotype_num"
"574","Sat1","Monocytes",-0.267036909848732,10.0686925958244,0.500777417187882,0.496929935984523,0.929891823518263,0.929891823518263,"genotype_num"
"61","Spi1","Monocytes",0.122782078803804,10.8936282800271,0.16086167329898,0.697621733901435,0.935977110127134,0.935977110127134,"genotype_num"
"98","Notch2","Monocytes",0.334859909245753,8.77402795297663,0.17705248171617,0.683681651809214,0.935977110127134,0.935977110127134,"genotype_num"
"114","Atp6v1g1","Monocytes",-0.16705154449322,9.78430257630849,0.157881426591089,0.700314800606396,0.935977110127134,0.935977110127134,"genotype_num"
"117","Jak1","Monocytes",0.178100941111394,9.39001381194837,0.17456949084541,0.68583245742344,0.935977110127134,0.935977110127134,"genotype_num"
"193","Il17ra","Monocytes",-0.194181616880262,9.83954401347865,0.163951823949856,0.694930779626771,0.935977110127134,0.935977110127134,"genotype_num"
"203","Arhgdib","Monocytes",0.213664708401834,11.677252421306,0.16035931318266,0.698058934483267,0.935977110127134,0.935977110127134,"genotype_num"
"266","Nsd3","Monocytes",0.195176825642553,9.62479068169186,0.172530889724996,0.687543897897355,0.935977110127134,0.935977110127134,"genotype_num"
"353","Rassf3","Monocytes",-0.211732020782104,8.91667075033257,0.16578059118439,0.69335895314068,0.935977110127134,0.935977110127134,"genotype_num"
"366","Gm2a","Monocytes",-0.15452270054292,9.8912550262824,0.178994720533103,0.682086850271985,0.935977110127134,0.935977110127134,"genotype_num"
"410","Pygl","Monocytes",0.155841448894746,10.5925119493687,0.179639428408679,0.681542623222305,0.935977110127134,0.935977110127134,"genotype_num"
"417","Jdp2","Monocytes",-0.239023220754677,9.24306413151266,0.155611666860334,0.702388368604938,0.935977110127134,0.935977110127134,"genotype_num"
"470","Tspo","Monocytes",-0.178446404374244,9.43047988464733,0.171055080853614,0.68879460819646,0.935977110127134,0.935977110127134,"genotype_num"
"481","Pak2","Monocytes",-0.208450592334335,9.44396065144393,0.156154946285496,0.70188183823648,0.935977110127134,0.935977110127134,"genotype_num"
"488","Samsn1","Monocytes",-0.227259357229447,8.97393646495382,0.165777400562104,0.693314555426972,0.935977110127134,0.935977110127134,"genotype_num"
"559","Entpd1","Monocytes",-0.214137313950219,9.6199924675736,0.159335815016882,0.699020774047843,0.935977110127134,0.935977110127134,"genotype_num"
"500","Atp6v0e","Monocytes",-0.181834163451063,8.86918093444939,0.153839060627978,0.704013653315264,0.935981285628819,0.935981285628819,"genotype_num"
"560","Dusp5","Monocytes",0.313225168622546,9.37543778760634,0.148438052742396,0.70894344519045,0.940368661781356,0.940368661781356,"genotype_num"
"280","Ier2","Monocytes",0.171316660209398,10.2622769563263,0.145004248609225,0.712104416342214,0.942395064746462,0.942395064746462,"genotype_num"
"56","Rbms1","Monocytes",0.256828092105651,8.85974791064554,0.135617011015257,0.721168388449013,0.950318776187245,0.950318776187245,"genotype_num"
"573","Tsc22d3","Monocytes",-0.1512219024981,10.0662087601038,0.135341106609698,0.721385830104009,0.950318776187245,0.950318776187245,"genotype_num"
"479","Litaf","Monocytes",0.121847588430307,10.7073315789644,0.129446127168992,0.727220975019939,0.955823468306388,0.955823468306388,"genotype_num"
"396","Cd300lf","Monocytes",0.153336034756445,9.53746579712473,0.125652902800895,0.731109228330828,0.958750056242927,0.958750056242927,"genotype_num"
"53","Gsn","Monocytes",-0.17447006279972,9.95515524995058,0.111790401324702,0.745712356362455,0.963314464452396,0.963314464452396,"genotype_num"
"63","Cd44","Monocytes",-0.11537264521949,11.1265600861614,0.119822863839827,0.737095803137103,0.963314464452396,0.963314464452396,"genotype_num"
"184","Sfxn5","Monocytes",0.274216271351634,9.11870509173774,0.117582037018423,0.73952111596704,0.963314464452396,0.963314464452396,"genotype_num"
"230","Ppp1r15a","Monocytes",-0.153699369268998,9.17498825663054,0.112245229060995,0.745259824541104,0.963314464452396,0.963314464452396,"genotype_num"
"342","Ckap4","Monocytes",-0.198266107790969,9.748066295797,0.111293755265078,0.746276543518581,0.963314464452396,0.963314464452396,"genotype_num"
"426","Ripor2","Monocytes",-0.15129538308138,9.72193191592692,0.116678114866207,0.740459217254279,0.963314464452396,0.963314464452396,"genotype_num"
"486","Cd47","Monocytes",0.207184778619385,9.7974346465786,0.112970919231034,0.744436861098463,0.963314464452396,0.963314464452396,"genotype_num"
"248","Coro1a","Monocytes",-0.110512809588595,12.0246575507846,0.105281679227086,0.752910357844118,0.967548499946673,0.967548499946673,"genotype_num"
"539","Adrb2","Monocytes",0.170879849604929,10.0321808572143,0.106513307659491,0.751544495792928,0.967548499946673,0.967548499946673,"genotype_num"
"44","Celf2","Monocytes",0.14373778038807,9.08201230803602,0.0947258295039072,0.765236300394968,0.976435422537209,0.976435422537209,"genotype_num"
"111","Ptbp3","Monocytes",0.131725833005228,9.99335009331963,0.0971143679337874,0.762365738267087,0.976435422537209,0.976435422537209,"genotype_num"
"223","Tyrobp","Monocytes",0.0977148386786022,12.7732568821575,0.091473067965228,0.769105892830079,0.976435422537209,0.976435422537209,"genotype_num"
"374","Rnf167","Monocytes",0.186973858113507,8.95373020279398,0.0908104629332652,0.769979405986881,0.976435422537209,0.976435422537209,"genotype_num"
"389","Fmnl1","Monocytes",0.105626319381026,10.1960095734873,0.0928499601969774,0.767448491678227,0.976435422537209,0.976435422537209,"genotype_num"
"442","Tkt","Monocytes",0.14977394309508,9.77559763155126,0.0946549491698773,0.765304894949232,0.976435422537209,0.976435422537209,"genotype_num"
"2","Neurl3","Monocytes",-0.131340668636926,9.80111702207841,0.0523760581998465,0.824057317871702,0.981258845619021,0.981258845619021,"genotype_num"
"10","Cxcr2","Monocytes",0.0798328481297751,11.599055594918,0.059584326971604,0.812565966943233,0.981258845619021,0.981258845619021,"genotype_num"
"19","Adipor1","Monocytes",-0.0650156327863056,11.3201169500343,0.0477682147928459,0.831814365665443,0.981258845619021,0.981258845619021,"genotype_num"
"51","Sh2d3c","Monocytes",0.143084214425555,9.06931867441226,0.0777547242330493,0.786640986497646,0.981258845619021,0.981258845619021,"genotype_num"
"57","Cers6","Monocytes",0.109076511133699,9.27472859290918,0.0695350661690726,0.797932740215469,0.981258845619021,0.981258845619021,"genotype_num"
"67","Hdc","Monocytes",0.0865721400553054,10.9540281704341,0.0525424568160083,0.823766353523111,0.981258845619021,0.981258845619021,"genotype_num"
"69","Sirpa","Monocytes",-0.10781101990584,9.85469384156061,0.0497548350403987,0.828430565435747,0.981258845619021,0.981258845619021,"genotype_num"
"83","Ptpn1","Monocytes",0.193093496458675,9.12147170557188,0.0759202976068595,0.789090159572204,0.981258845619021,0.981258845619021,"genotype_num"
"146","Sri","Monocytes",0.111902596650031,9.56244477164897,0.0770986779696011,0.787513856713897,0.981258845619021,0.981258845619021,"genotype_num"
"153","Klf3","Monocytes",0.085827288415784,10.0706903604169,0.0475817936201501,0.832152422310547,0.981258845619021,0.981258845619021,"genotype_num"
"159","Ankrd13a","Monocytes",-0.135550058338901,9.4370964231126,0.0763214984917473,0.788557897542032,0.981258845619021,0.981258845619021,"genotype_num"
"172","Ttyh3","Monocytes",0.148458076868705,9.35144959321712,0.0789382145155298,0.785069394704011,0.981258845619021,0.981258845619021,"genotype_num"
"177","Zyx","Monocytes",0.07575926290886,11.4636513937573,0.0607282158596216,0.810814916238338,0.981258845619021,0.981258845619021,"genotype_num"
"199","Cd9","Monocytes",-0.115122621181129,10.3911393780491,0.0481721702768764,0.831123344498687,0.981258845619021,0.981258845619021,"genotype_num"
"215","Apoe","Monocytes",-0.360067232541173,8.66671880881085,0.0505244372249735,0.827146465973339,0.981258845619021,0.981258845619021,"genotype_num"
"218","Rabac1","Monocytes",0.0986739317105971,9.3473823140793,0.0515838271759921,0.825384035032348,0.981258845619021,0.981258845619021,"genotype_num"
"228","Siglece","Monocytes",-0.121667584976098,9.49606178302005,0.0687036992085417,0.799105238573038,0.981258845619021,0.981258845619021,"genotype_num"
"246","Il4ra","Monocytes",0.145361817156729,8.9050499690996,0.058679667759006,0.814004428523143,0.981258845619021,0.981258845619021,"genotype_num"
"252","Itgal","Monocytes",0.0847642246107209,10.3758207811914,0.0469156639680387,0.8333047389139,0.981258845619021,0.981258845619021,"genotype_num"
"273","Cyp4f18","Monocytes",0.15959346722757,8.84335680853449,0.056562822536034,0.817326955929813,0.981258845619021,0.981258845619021,"genotype_num"
"275","Rab8a","Monocytes",0.136965593711943,9.04442057716892,0.0715586501111945,0.79509517778847,0.981258845619021,0.981258845619021,"genotype_num"
"299","Pstpip1","Monocytes",0.106010836129699,9.32139906974405,0.0489675709391636,0.829789577667907,0.981258845619021,0.981258845619021,"genotype_num"
"314","Camp","Monocytes",0.476525404172025,12.9547923842933,0.0690307084172647,0.798599877158274,0.981258845619021,0.981258845619021,"genotype_num"
"320","Csrnp1","Monocytes",-0.143877546552107,9.48909302359236,0.0619475192374098,0.80900763880841,0.981258845619021,0.981258845619021,"genotype_num"
"338","Sbno2","Monocytes",-0.121923125503369,9.92122745457944,0.077940625191703,0.786368339294301,0.981258845619021,0.981258845619021,"genotype_num"
"339","Midn","Monocytes",0.154600494000196,9.74831471347606,0.0605257344795927,0.811156928850483,0.981258845619021,0.981258845619021,"genotype_num"
"415","Susd6","Monocytes",-0.150453302904234,8.74108132707375,0.0471217407283641,0.832987447627507,0.981258845619021,0.981258845619021,"genotype_num"
"432","Rnf44","Monocytes",0.136903284432922,8.89445811677136,0.0605160320664049,0.811193444362922,0.981258845619021,0.981258845619021,"genotype_num"
"465","Rac2","Monocytes",0.0886930735575838,12.069335397522,0.0595792415097094,0.812572698843833,0.981258845619021,0.981258845619021,"genotype_num"
"490","Son","Monocytes",0.13439112626649,9.13709761577329,0.0812868799018189,0.78199327383948,0.981258845619021,0.981258845619021,"genotype_num"
"494","Fpr1","Monocytes",0.235847016059557,9.27792856609219,0.0849945797447682,0.777221321214315,0.981258845619021,0.981258845619021,"genotype_num"
"505","Zfand3","Monocytes",-0.161616909144478,8.91603547359438,0.0719485083913356,0.794533784262267,0.981258845619021,0.981258845619021,"genotype_num"
"536","Ndfip1","Monocytes",0.181048541149361,8.8066975405312,0.0633712573980854,0.806888043463988,0.981258845619021,0.981258845619021,"genotype_num"
"552","Slc15a3","Monocytes",0.109730998308581,10.0027546245782,0.0685308885900231,0.799331745515829,0.981258845619021,0.981258845619021,"genotype_num"
"567","Il13ra1","Monocytes",-0.196923269862189,8.93812209046725,0.0570360560404891,0.816534495376564,0.981258845619021,0.981258845619021,"genotype_num"
"29","Rcsd1","Monocytes",0.08948456896425,9.84369200839697,0.0443390067493444,0.837883262374454,0.981552742242853,0.981552742242853,"genotype_num"
"160","Oasl2","Monocytes",-0.106336914850989,9.47995487103478,0.0420522233423236,0.84205997818061,0.981552742242853,0.981552742242853,"genotype_num"
"227","Cd33","Monocytes",0.0907095150638555,10.2369651052929,0.0439752007949427,0.838531533363852,0.981552742242853,0.981552742242853,"genotype_num"
"300","Adpgk","Monocytes",-0.152865200326011,10.5269237505077,0.0421556396316549,0.841853494955175,0.981552742242853,0.981552742242853,"genotype_num"
"385","Wfdc21","Monocytes",0.150109114071015,11.1107476141117,0.042765342173969,0.84072504934091,0.981552742242853,0.981552742242853,"genotype_num"
"1","Ogfrl1","Monocytes",0.105548106963088,9.09580397825283,0.035846060131966,0.854023091587612,0.984565777137107,0.984565777137107,"genotype_num"
"13","Inpp5d","Monocytes",0.115537604559752,8.79203380246,0.0350667205921568,0.855589456561356,0.984565777137107,0.984565777137107,"genotype_num"
"21","Rgs2","Monocytes",0.0421703328999567,10.6615693352831,0.0167684706195001,0.899786182657807,0.984565777137107,0.984565777137107,"genotype_num"
"23","Fam129a","Monocytes",-0.0568913543841117,9.45987933091915,0.0202363920508378,0.889998050464824,0.984565777137107,0.984565777137107,"genotype_num"
"24","Arpc5","Monocytes",0.0340431402021862,10.7184709015761,0.010573014032622,0.920334088412871,0.984565777137107,0.984565777137107,"genotype_num"
"26","Ier5","Monocytes",-0.109601499390465,9.61056503599627,0.0350075069070074,0.855706472811566,0.984565777137107,0.984565777137107,"genotype_num"
"59","Wipf1","Monocytes",-0.0328600235672469,9.41180660971889,0.00457210189820215,0.947562609607551,0.984565777137107,0.984565777137107,"genotype_num"
"62","Cd82","Monocytes",0.061171103699564,9.84225176234986,0.0161319643758192,0.901702223229579,0.984565777137107,0.984565777137107,"genotype_num"
"64","Thbs1","Monocytes",0.150285085002523,9.27241598412269,0.00881160110981483,0.927260181935556,0.984565777137107,0.984565777137107,"genotype_num"
"70","Rassf2","Monocytes",0.090282436133245,8.73567477541821,0.0161114912573164,0.901736986715549,0.984565777137107,0.984565777137107,"genotype_num"
"85","Gyg","Monocytes",0.0690089221128946,8.91310236076607,0.00971466649644335,0.923564955602759,0.984565777137107,0.984565777137107,"genotype_num"
"123","Smap2","Monocytes",-0.0634105243524501,9.2861291175007,0.0112926511889341,0.917692860397566,0.984565777137107,0.984565777137107,"genotype_num"
"130","Ptafr","Monocytes",0.046148300443788,9.37368725839369,0.00353982178170937,0.953851420138029,0.984565777137107,0.984565777137107,"genotype_num"
"135","Sh3bgrl3","Monocytes",0.0288150602716476,10.3817942777337,0.00361498430780081,0.953358318154158,0.984565777137107,0.984565777137107,"genotype_num"
"138","Capzb","Monocytes",-0.0396541373325979,9.80364050310908,0.0130295793542573,0.911608833909973,0.984565777137107,0.984565777137107,"genotype_num"
"140","Tnfrsf1b","Monocytes",0.0313158846532279,9.55299161759533,0.00356658716368833,0.953676225928937,0.984565777137107,0.984565777137107,"genotype_num"
"143","Nadk","Monocytes",0.0578253900960979,10.3871470771209,0.0270201803841289,0.873031637334341,0.984565777137107,0.984565777137107,"genotype_num"
"145","Steap4","Monocytes",-0.142533831184702,9.52084828456768,0.0289137135907209,0.86870410129251,0.984565777137107,0.984565777137107,"genotype_num"
"155","Cxcl2","Monocytes",-0.177299677319271,10.840039257103,0.0336323250384786,0.858512461191403,0.984565777137107,0.984565777137107,"genotype_num"
"156","Ccni","Monocytes",0.098105879500322,8.91700829490179,0.021894409290394,0.885617319512013,0.984565777137107,0.984565777137107,"genotype_num"
"161","Pxn","Monocytes",0.0479160043737923,9.25551710725431,0.00745677043291193,0.933070031235039,0.984565777137107,0.984565777137107,"genotype_num"
"209","Pira2","Monocytes",-0.0785678813700562,8.85775776116292,0.0196324573740566,0.891608827816044,0.984565777137107,0.984565777137107,"genotype_num"
"226","Gpi1","Monocytes",-0.0571574728123976,9.15660937950341,0.0161590597390862,0.901629724000287,0.984565777137107,0.984565777137107,"genotype_num"
"250","Aldoa-ENSMUSG00000030695","Monocytes",-0.0808173008942364,9.50964122252954,0.0213211254027366,0.887111965320859,0.984565777137107,0.984565777137107,"genotype_num"
"251","Sephs2","Monocytes",-0.10825787836048,8.9932247752362,0.0296611473866239,0.86706003692616,0.984565777137107,0.984565777137107,"genotype_num"
"259","Taldo1","Monocytes",-0.0575914440112631,11.0293085490931,0.014977718030155,0.905255255583869,0.984565777137107,0.984565777137107,"genotype_num"
"265","Rasa3","Monocytes",-0.0478460300981598,8.97196629516403,0.0102392754521896,0.921607937037063,0.984565777137107,0.984565777137107,"genotype_num"
"276","Fam32a","Monocytes",0.0410605420059592,9.99616545138817,0.0105983612281303,0.920242921441825,0.984565777137107,0.984565777137107,"genotype_num"
"298","Jaml","Monocytes",-0.041685280512526,9.22858645353051,0.00510290330058655,0.944608792346967,0.984565777137107,0.984565777137107,"genotype_num"
"306","Anxa2","Monocytes",-0.0367337661659609,11.3055512993033,0.0111374431151107,0.918241354260334,0.984565777137107,0.984565777137107,"genotype_num"
"311","Rhoa","Monocytes",-0.0621200382481349,8.83124516445507,0.00781186666919299,0.931492834696692,0.984565777137107,0.984565777137107,"genotype_num"
"316","Nbeal2","Monocytes",-0.0860219700928888,8.82038847885399,0.0230976139072051,0.882536344351027,0.984565777137107,0.984565777137107,"genotype_num"
"337","Arhgap45","Monocytes",-0.0262771828527835,10.0842180291682,0.00474018476900522,0.94660258866919,0.984565777137107,0.984565777137107,"genotype_num"
"348","Glipr1","Monocytes",-0.0726451709767215,9.04846557504071,0.0153431256847692,0.904136797845299,0.984565777137107,0.984565777137107,"genotype_num"
"356","Tcn2","Monocytes",-0.0677595246760521,9.53298619044978,0.0203063420640375,0.889810090277935,0.984565777137107,0.984565777137107,"genotype_num"
"359","Actr2","Monocytes",0.0512012506318557,9.62149634760819,0.0145008391448872,0.906782572918992,0.984565777137107,0.984565777137107,"genotype_num"
"363","Rnf130","Monocytes",0.092695442564979,9.29473510273392,0.0325839245772138,0.860736840432038,0.984565777137107,0.984565777137107,"genotype_num"
"369","Ndel1","Monocytes",0.0282526043189831,9.80800687469339,0.00616482461017906,0.939126354824344,0.984565777137107,0.984565777137107,"genotype_num"
"371","Kdm6b","Monocytes",-0.0269226327166481,9.52173633210591,0.00525254889530696,0.943801545385764,0.984565777137107,0.984565777137107,"genotype_num"
"372","Gabarap","Monocytes",0.0324198905409817,9.42749910813144,0.00583532653130236,0.940773404429327,0.984565777137107,0.984565777137107,"genotype_num"
"383","Ccl6","Monocytes",0.0829707057277214,10.6319415517873,0.0199789834394436,0.890676863083316,0.984565777137107,0.984565777137107,"genotype_num"
"384","Wfdc17","Monocytes",-0.0450774742736094,10.6227631327417,0.0177472379248799,0.896924130060444,0.984565777137107,0.984565777137107,"genotype_num"
"401","Timp2","Monocytes",0.0596469206515086,8.9514463899115,0.0067932096680103,0.936094138090986,0.984565777137107,0.984565777137107,"genotype_num"
"402","Actg1","Monocytes",0.0209522330053257,11.8291083526877,0.00460727838125005,0.94735062016112,0.984565777137107,0.984565777137107,"genotype_num"
"405","Pum2","Monocytes",-0.0597800468198775,8.95076727445365,0.00952954818364737,0.924370797931112,0.984565777137107,0.984565777137107,"genotype_num"
"414","Actn1","Monocytes",0.0244073255592401,9.84640170540926,0.00435207324326023,0.94883503658258,0.984565777137107,0.984565777137107,"genotype_num"
"422","Klf6","Monocytes",0.0418921282893331,10.2924684944578,0.00923528044558069,0.925530058621516,0.984565777137107,0.984565777137107,"genotype_num"
"427","Serpinb1a","Monocytes",0.160862391402773,8.69065006795656,0.0267165551691535,0.873648531726289,0.984565777137107,0.984565777137107,"genotype_num"
"430","Syk","Monocytes",-0.0683017598822926,10.1904355618459,0.021387826689824,0.886921837982499,0.984565777137107,0.984565777137107,"genotype_num"
"437","Glrx","Monocytes",0.151029803826745,9.839802285834,0.0300244156783375,0.866249439306016,0.984565777137107,0.984565777137107,"genotype_num"
"449","Ptk2b","Monocytes",0.0407544092021039,9.09027247833747,0.00742369128106911,0.933218815524317,0.984565777137107,0.984565777137107,"genotype_num"
"469","Nfam1","Monocytes",0.0351637797768136,10.4571600868453,0.00701150915458286,0.935082240164274,0.984565777137107,0.984565777137107,"genotype_num"
"482","Cstdc4","Monocytes",0.20846147587719,9.08663832135414,0.036946152290938,0.851476729282935,0.984565777137107,0.984565777137107,"genotype_num"
"483","Hcls1","Monocytes",-0.0614994752328524,10.2915863817127,0.0337961521827368,0.858181201431852,0.984565777137107,0.984565777137107,"genotype_num"
"485","Retnlg","Monocytes",0.0774345851453258,13.4013590116086,0.00835833888044714,0.929134990789497,0.984565777137107,0.984565777137107,"genotype_num"
"497","Atp6v0c","Monocytes",0.0817227541381099,9.10112401266922,0.0315080118871421,0.863031079896474,0.984565777137107,0.984565777137107,"genotype_num"
"501","Mapk14","Monocytes",-0.0859461973069224,9.21242871117014,0.023800453075804,0.880786751263952,0.984565777137107,0.984565777137107,"genotype_num"
"513","H2-D1","Monocytes",-0.102390138967683,9.28196055090445,0.0323357129465931,0.861261941240965,0.984565777137107,0.984565777137107,"genotype_num"
"517","Pla2g7","Monocytes",0.0364673131925026,10.3627049291785,0.00566045260062083,0.941658392249447,0.984565777137107,0.984565777137107,"genotype_num"
"522","C3","Monocytes",0.123056018305312,9.47939804292251,0.0182426045977657,0.895518579724508,0.984565777137107,0.984565777137107,"genotype_num"
"523","Rab31","Monocytes",-0.0715694953030452,9.10814528601059,0.0222754539402342,0.884623177098521,0.984565777137107,0.984565777137107,"genotype_num"
"524","Myl12b","Monocytes",0.0509038436929254,9.52241485197226,0.0169571201435725,0.899244614001555,0.984565777137107,0.984565777137107,"genotype_num"
"553","Mpeg1","Monocytes",-0.0698986710434675,9.7086267517236,0.0279014045970181,0.871009200709707,0.984565777137107,0.984565777137107,"genotype_num"
"575","Tmsb4x","Monocytes",-0.0660863713875362,14.2815895576234,0.030160135075313,0.865925817006627,0.984565777137107,0.984565777137107,"genotype_num"
"35","Tagln2","Monocytes",0.0465873694068633,9.04174571328345,0.00235075598927345,0.962364647832537,0.991579288927454,0.991579288927454,"genotype_num"
"180","Gadd45a","Monocytes",0.0285980293980075,9.64554590681207,0.00166337361935417,0.968353510289619,0.994199244550018,0.994199244550018,"genotype_num"
"329","Lims1","Monocytes",-0.0351533474221424,8.77562631143344,0.00172819225196357,0.967737569811302,0.994199244550018,0.994199244550018,"genotype_num"
"22","Ptgs2","Monocytes",0.0230039556870768,10.8538777382928,0.00119761108078124,0.9731407815908,0.995571331521085,0.995571331521085,"genotype_num"
"323","Stx11","Monocytes",0.0177955489512892,9.29645887935151,0.00124869233990879,0.972579784766407,0.995571331521085,0.995571331521085,"genotype_num"
"30","Fcgr3","Monocytes",-0.00768344456011842,10.3747046313391,0.000361524947251135,0.985241270628371,0.996016483391227,0.996016483391227,"genotype_num"
"86","P2ry13","Monocytes",-0.025309058672164,8.56623923972438,0.000443612410815412,0.983621354457723,0.996016483391227,0.996016483391227,"genotype_num"
"101","Cd53","Monocytes",0.00400598585701091,10.9276460815082,0.000167157395029967,0.989963515676538,0.996016483391227,0.996016483391227,"genotype_num"
"133","Zdhhc18","Monocytes",0.0134620047248903,8.73154980834476,0.00062231346214921,0.980638403663211,0.996016483391227,0.996016483391227,"genotype_num"
"158","Selplg","Monocytes",0.0122807408306311,11.0337614198162,0.000833437646660284,0.977591984253104,0.996016483391227,0.996016483391227,"genotype_num"
"304","Plekho2","Monocytes",0.00671423404289281,9.19423974948694,0.000118895080378286,0.991537258031158,0.996016483391227,0.996016483391227,"genotype_num"
"345","Nudt4","Monocytes",0.00447460742524787,9.52164453041248,9.17860858358572e-05,0.99256408656838,0.996016483391227,0.996016483391227,"genotype_num"
"346","Btg1","Monocytes",-0.00697287762870099,10.9471048359821,0.000549824258601816,0.981798714442454,0.996016483391227,0.996016483391227,"genotype_num"
"391","Ddx5","Monocytes",0.00582899714238346,9.54776256448754,0.000184216042740701,0.989465427404275,0.996016483391227,0.996016483391227,"genotype_num"
"509","H2-K1","Monocytes",-0.0198929842759233,8.73607865453729,0.000897260658075694,0.976756730671277,0.996016483391227,0.996016483391227,"genotype_num"
"571","Msn","Monocytes",0.00415780232303718,10.97578159003,0.000178761809805583,0.989621020885565,0.996016483391227,0.996016483391227,"genotype_num"
"325","Ifngr1","Monocytes",-0.00161602440487993,9.39759181404519,1.06494302660372e-05,0.997467130982878,0.998479589538429,0.998479589538429,"genotype_num"
"333","Reep3","Monocytes",-0.000348513564746473,8.93359929785976,3.83771618929383e-06,0.998479589538429,0.998479589538429,0.998479589538429,"genotype_num"
